gage,gagedFlowline,NHDWaterbodyComID,lakeLink,SiteName,RFC
SOMT2,5570785,5569731,0,Somerville Lake,WGRFC
SMCT2,3589578,3588682,3589578, ,WGRFC
GGLT2,5671667,5670445,5671667, ,WGRFC
BLNT2,2572334,2571688,2572334,Belton Lake at North Texas Lakes,WGRFC
STIT2,5587560,120053388,5587560, ,WGRFC
GNGT2,5671657,5670421,5671657, ,WGRFC
TBLT2,1111447,1111211,1111447, ,WGRFC
WDRF1,2293124,10361596,2311949, ,SERFC
FOGG1,2306737,166758723,3443790, ,SERFC
CLBA1,18239649,21638156,18239647,Claiborne Dam near Alabama River,SERFC
BDWT2,1447048,1445978,1447048, ,WGRFC
DAWT2,4133643,4132531,4133643,Navarro Mills Lake at North Texas Lakes,WGRFC
ALAT2,166414852,166414857,166414852, ,WGRFC
PCTT2,2569848,120053201,2569848,Proctor Lake at North Texas Lakes,WGRFC
SAGT2,5712857,120053389,0,O. C. Fisher Lake at West Central Texas Lakes,WGRFC
SVIC1,20334576,20334374,20334576, ,CNRFC
GCDA3,21274156,21318615,21320525,GILA RIVER BELOW COOLIDGE DAM AZ.,CBRFC
BNBT2,1269108,1267968,1269108, ,WGRFC
LEWT2,1278674,120053021,1278674,Lake Lewisville at North Texas Lakes,WGRFC
GPVT2,1287177,120051934,1287177,Lake Grapevine at North Texas Lakes,WGRFC
WETG1,3298918,166758703,3298566, ,SERFC
CHDS1,22720895,167484077,6290331, ,SERFC
CMMG1,2051313,6495106,2051313,Lake Lanier at Chattahoochee River,SERFC
CVLG1,6505972,6495140,6505972, ,SERFC
GRNM6,18019788,18014672,18019788,Grenada Dam at Yalobusha River,LMRFC
MYST2,8348979,8347705,8348979,Pat Mayse Lake at North Texas Lakes,ABRFC
MGCO2,707038,167484743,0,"McGee Creek Reservoir, OK",ABRFC
DSNT2,426416,167300255,426416, ,ABRFC
ARBO2,19959560,167300271,19959986, ,ABRFC
SYOT2,13733430,13732800,13733430,WICHITA RV NR MABELLE TX,ABRFC
LYMA3,20585864,20584396,20585864, ,CBRFC
SMDA3,20478096,20476542,0,SALT RIVER BLW STEWART MOUNTAIN DAM AZ.,CBRFC
VDBA3,20439512,20438850,0,Bartlett Dam,CBRFC
HORA3,20440738,120053952,20440738, ,CBRFC
BWAA3,21384136,21383092,21384184, ,CBRFC
LKPC1,17575779,17573833,17575779,Santa Felicia Dam below Piru Creek,CNRFC
CCHC1,17611491,17609317,17611491, ,CNRFC
PYMC1,17569485,17568947,17572445, ,CNRFC
CBDN2,21436863,120052757,21436857, ,CBRFC
ALTO2,13757101,13756271,13757101, ,ABRFC
FOSO2,3142766,3140356,3142766,Foss Reservoir at Washita River,ABRFC
MTNO2,562357,167300241,562485, ,ABRFC
FTCO2,683617,681831,683617, ,ABRFC
NRMO2,481932,481656,0,Little River At Lake Thunderbird,ABRFC
TENO2,402464,402142,402464, ,ABRFC
CTRG1,6479573,6479321,6479573,Carters Lake at Coosawattee River,SERFC
KERV2,8653306,167496465,8653306,John H. Kerr Dam at Roanoke River,SERFC
NUDN7,166737579,166737717,166737584, ,SERFC
NHPN7,26325148,166755060,8898132, ,SERFC
WLKN7,9251746,9250140,9251746, ,SERFC
WTGT1,19744394,166997499,19745278, ,LMRFC
NFDA4,7653861,120052259,7653895, ,LMRFC
PENO2,21773239,167299912,7586119, ,ABRFC
MFDO2,21773255,21772239,21773125,Hudson Lake at Eastern Oklahoma Lakes,ABRFC
CNLO2,390140,389804,390140,Canton Lake above North Canadian River,ABRFC
NACC1,8212787,8210941,0, other Nacimiento Reservoir,CNRFC
SNRC1,8212925,120053442,8212925,SAN ANTONIO RIVER - LAKE SAN ANTONIO,CNRFC
LEXC1,17695749,17693799,0,LEXINGTON RESERVOIR NEAR LOS GATOS,CNRFC
COYC1,17695825,17693823,17695825,Coyote Reservoir (COYC1),CNRFC
FRAC1,17116483,120053836,0,SAN JOAQUIN RIVER NEAR FRIANT,CNRFC
GUUU1,10025198,10022260,10025198,GUNLOCK RESERVOIR,CBRFC
CHNK1,21160795,21160241,21161233, ,ABRFC
STXM7,7372051,167267899,7373063,Stockton Dam at Sac River,MBRFC
WPPM7,3665570,167166315,0,Wappapello Lake Pool at St. Francis River,LMRFC
PTTV2,8674429,8674019,8675539, ,SERFC
JCKV2,8521381,120053459,8523459,Gathright Dam at Lake Moomaw,MARFC
PTXM7,7388811,7387259,7388811, ,MBRFC
HILK1,2993926,2992128,2993756, ,MBRFC
PLKK1,940290180,10114004,940290180,Pomona Lake at 110 Mile Creek,MBRFC
MLVK1,10132098,167267891,10132098,Melvern Lake at Marais Des Cygnes River,MBRFC
JRLK1,20932366,167297255,20932366,John Redmond Lake at Neosho River,ABRFC
JSPT2,1159739,1158647,1159739,Lake Sam Rayburn at Angelina River,WGRFC
BKDL1,25040602,15078462,25040602, ,LMRFC
TYLA1,21687508,120052975,21687488, ,SERFC
MRFA1,21456722,21454020,21456716,Miller's Ferry near Alabama River,SERFC
LBUL1,19936525,120053896,19936525,Lake Bistineau at Bayou Dorcheat,LMRFC
WAGL1,8342801,8341399,0,WALLACE LAKE NEAR KEITHVILLE,LMRFC
ACTT2,5531594,5531274,5531594,Waco Lake at North Texas Lakes,WGRFC
WTYT2,5513692,120053204,5513692,Whitney Lake at North Texas Lakes,WGRFC
HAWC1,20344395,20342929,20344473,Lake Henshaw,CNRFC
ELPC1,20332816,20332350,20334592,EL CAPITAN DAM,CNRFC
LVNT2,1292396,1291638,1292396, ,WGRFC
CRLL1,1136266,167300374,1136426, ,LMRFC
BCEA4,19927057,19925795,19927057, ,LMRFC
LCAL1,15223102,167182354,15223102, ,LMRFC
HRTG1,6270218,166759840,6270218, ,SERFC
UBRA1,19569560,19568056,0,UPPER BEAR DAM NEAR BEAR CREEK,LMRFC
LBRA1,19568264,19626258,0,LITTLE BEAR RTU NEAR BELGREEN,LMRFC
CCRA1,19566578,19566308,19566880,CEDAR CREEK RTU,LMRFC
SRDM6,15290344,167182317,15290596,Tallahatchie River at Sardis Dam,LMRFC
ENDM6,15276792,167166404,15276792, ,LMRFC
DGDA4,22002032,22000120,22002032, ,LMRFC
NADA4,22700300,22697680,22700420, ,LMRFC
AHDA4,3747834,167300345,0,LITTLE RIVER AT MILLWOOD DAM NEAR ASHDOWN,ABRFC
DIEA4,3746252,3745478,0,SALINE RIVER AT DAM NEAR DIERKS,ABRFC
DQDA4,3745840,3745526,0,ROLLING FORK RIVER AT DAM NEAR DEQUEEN,ABRFC
GLLA4,3746224,3745418,0,COSSATOT RIVER AT GILLHAM DAM NEAR GILLHAM,ABRFC
BKDO2,630139,630011,0,MOUNTAIN FORK RIVER AT BROKEN BOW DAM NEAR BROKEN BOW,ABRFC
PCLO2,617464,617546,0,LITTLE RIVER AT PINE CREEK DAM NEAR WRIGHT CITY,ABRFC
HGLO2,592836,591880,592836,Hugo Lake at Eastern Oklahoma Lakes,ABRFC
WRLO2,8358571,8357843,8358571,Waurika Lake at Beaver Creek (OK),ABRFC
RSVA3,22439652,120052904,22439652, ,CBRFC
EUFO2,512899,167801019,512899, ,ABRFC
WSLO2,6047652,6043008,6047652,Wister Lake at Eastern Oklahoma Lakes,ABRFC
BMTA4,7803227,7801259,7803225, ,ABRFC
BMDA4,15234506,15231972,15234506, ,LMRFC
GRRA4,11774999,167299819,11774971,Greers Ferry Dam at Little Red River,LMRFC
ARKM6,15256122,15252778,15256386, ,LMRFC
NRMT1,19534722,166997625,19534808, ,LMRFC
OCCT1,19668053,19667261,19668053, ,LMRFC
HADT1,19678313,19674973,19678329,Apalachia Dam above Hiwassee River,LMRFC
BRDG1,19669385,19668381,19669385,Toccoa River at Blue Ridge Dam,LMRFC
NOTG1,19680543,166997585,19680543, ,LMRFC
FONN7,19736617,166912876,19736617,FONTANA DAM TVA at Little Tennessee River,LMRFC
CHAN7,19674637,166997584,0,Chatuge Dam,LMRFC
SHDT1,19753533,166997474,0,South Holston Dam,LMRFC
FPHT1,19754649,166997475,19754649, ,LMRFC
CRKT1,22180610,166997501,22180610,Cherokee Dam above Holston River,LMRFC
DUGT1,22144632,166997463,22146716, ,LMRFC
NRST1,22124294,166997561,14643271, ,LMRFC
BSGA4,7629426,167299818,7637444, ,LMRFC
GIBO2,21773859,167299918,21773859,Eastern Oklahoma Lakes at Ft. Gibson Lake,ABRFC
OOLO2,21799057,167299904,21799057, ,ABRFC
KEYO2,20973380,20971700,20973380, ,ABRFC
BIRO2,846662,846266,846662, ,ABRFC
SKLO2,941070050,941070128,941070050, ,ABRFC
HEYO2,373089,371555,373089, ,ABRFC
FSLO2,13811232,13811164,13811232, ,ABRFC
MRIT2,19981020,19980072,19981020,Lake Meredith at Canadian River,ABRFC
LKSA3,25138762,22071698,25138762, ,CBRFC
ISAC1,14972947,22670080,0,KERN RIVER AT ISABELLA DAM NEAR LAKE ISABELLA 2N,CNRFC
SCSC1,14931007,14930103,0,TULE RIVER AT SUCCESS DAM NEAR PORTERVILLE 5E,CNRFC
TMDC1,24758173,120052624,24758173,KAWEAH RIVER AT TERMINUS DAM NEAR WOODLAKE,CNRFC
CADC1,17695921,17693805,0,CALERO RESERVOIR,CNRFC
ANDC1,17695819,17693795,17695819, ,CNRFC
PFTC1,22063199,22050039,0,KINGS RIVER AT PINE FLAT DAM NEAR CENTERVILLE 10NE,CNRFC
PCON2,20603436,20603252,0,PINE CANYON DAM NEAR CALIENTE,CBRFC
MVDN2,20603440,20603248,0,MATHEW VALLEY DAM NEAR CALIENTE,CBRFC
FRVC2,17014767,17014523,17015277,Florida River below Lemon Resv.,CBRFC
LPVC2,17034231,17034145,17034971, ,CBRFC
GSPO2,21001215,21000069,21001215, ,ABRFC
KAWO2,21038211,21038107,21038211, ,ABRFC
FLLK1,21517708,21514748,21517708,Fall River Lake above Fall River (KS),ABRFC
HULO2,21785290,21784832,21785290, ,ABRFC
CPLO2,21784744,21783714,21784744, ,ABRFC
ECLK1,20943984,20943110,20943984,Elk City Lake above Elk River (KS),ABRFC
BIGK1,21797549,21795481,21797721, ,ABRFC
CLRM7,7669160,7666880,7669104,Clearwater Lake Pool at Black River,LMRFC
TRLK1,20955434,20953830,20955434, ,ABRFC
CNGK1,20929492,20927390,20929492, ,ABRFC
EDRK1,20082038,20079044,0,Walnut River At El Dorado Lake,ABRFC
MLBK1,20919169,20917521,20919169,Marion Reservoir at Cottonwood River,ABRFC
KANK1,25068602,167266519,25068602, ,MBRFC
CRFC2,3251439,3251185,3252185, ,CBRFC
MPSC2,3254131,3252989,0,MORROW POINT RESERVOIR NEAR MONTROSE,CBRFC
BPRC1,8915961,8914219,8915961, ,CNRFC
TOPN2,10743558,10742110,0,TOPAZ CANAL BELOW TOPAZ LAKE NEAR TOPAZ,CNRFC
HETC1,17082365,17080669,17082207, ,CNRFC
CHVC1,17082185,17080601,17082185, ,CNRFC
NIMC1,15022633,15021939,15024897, ,CNRFC
LBEC1,15032995,130951632,8016105,Lake Berryessa (LBEC1),CNRFC
WSDC1,8276453,8271433,8276453, ,CNRFC
LAMC1,8269153,8306696,8269145,Lake Mendocino,CNRFC
INVC1,8007863,8005383,0,INDIAN VALLEY RESERVOIR NEAR LOWER LAKE,CNRFC
HLEC1,8062551,8060131,8062551,Englebright Lake (HLEC1),CNRFC
DNRC1,8934506,8932994,0,DONNER LAKE NEAR TRUCKEE,CNRFC
TAHC1,8942039,120053784,8942039, ,CNRFC
BCVC1,8933684,8932970,8934482, ,CNRFC
STPC1,8933230,120053476,8934442, ,CNRFC
PSRC1,8933720,8932974,8934488,Prosser Creek Reservoir at Prosser Creek,CNRFC
SFSU1,3907377,3906255,0,SCOFIELD RESERVOIR NEAR SCOFIELD,CBRFC
MLSU1,4876845,4876263,4877561, ,CBRFC
MDCC2,1337204,1336910,1338026, ,CBRFC
TRBC2,1333490,1332558,1333610, ,CBRFC
BLRC2,1312847,1312051,1313385, ,CBRFC
WLSK1,7331754,7330556,7331754, ,MBRFC
MLFK1,5927296,167800866,5927296,MILFORD LK NR JUNCTION CITY KS,MBRFC
MTTK1,2281171,18880944,2281171, ,MBRFC
PRRK1,748101,746373,748101, ,MBRFC
CLIK1,24668460,3730511,24668460,CLINTON LK NR LAWRENCE KS,MBRFC
SLKM7,2530631,2529647,2530631,Smithville Reservoir other Reservoirs,MBRFC
LBRM7,4461528,4460822,4461528, ,MBRFC
STJW2,3717136,167484418,167484406,Stonewall Jackson Dam,OHRFC
TGOW2,4352134,166899099,4352136, ,OHRFC
YGOP1,3809037,3806779,3809045, ,OHRFC
CMDP1,4754924,167484295,4754908,CONEMAUGH RIVER AT TUNNELTON PA,OHRFC
CCDP1,4741239,4739601,0,CROOKED CREEK AT CROOKED CREEK DAM NEAR FORD CITY,OHRFC
LHDP1,4583044,167484347,0,LOYALHANNA CREEK AT LOYALHANNA DAM PA,OHRFC
RADI4,940280022,120053324,0,Rathbun Dam,MBRFC
CBGC2,1234513,1233515,0,COLORADO RIVER NEAR GRANBY CO,CBRFC
WCKC2,1234173,1233595,0,WILLOW CREEK BELOW WILLOW CREEK RESERVOIR (WILWCRCO),CBRFC
WFRC2,1232803,1230577,1232989,WILLIAMS FORK BELOW WILLIAMS FORK RESERVOIR CO,CBRFC
BGMC2,1313213,1311881,1313287, ,CBRFC
LAAU1,11976201,11975087,0,MOON LAKE RESERVOIR NEAR MOUNTAIN HOME,CBRFC
DCRU1,10376632,10375440,10376632, ,CBRFC
WHSC1,2782777,2781993,2782763, ,CNRFC
LLKC1,8246426,8245384,8246596, ,CNRFC
IRGC1,361671,361273,362919,Klamath River below Iron Gate Dam,CNRFC
HLZU1,664760,664014,0,Hyrum at Little Bear River,CBRFC
OPDU1,10275828,10273702,10275998, ,CBRFC
ECWU1,10093052,10091588,10093132, ,CBRFC
ECCU1,10277268,10276260,10277316,EAST CANYON CREEK NEAR MORGAN UT,CBRFC
CRDU1,10089426,10089124,10090806,LOST CREEK NEAR CROYDEN UTAH,CBRFC
BRWU1,7879744,166248016,7880842, ,CBRFC
MCWW4,3197078,120051967,0,BLACKS FORK NEAR MILLBURNE WY,CBRFC
GRZU1,10040950,10038598,10040912,Greendale near Green River (WY-UT-CO),CBRFC
SAYI4,6597700,6597410,0,Saylorville Dam Pool,NCRFC
PELI4,4995175,167121028,22249819,Red Rock Reservoir at Des Moines River,NCRFC
CRVI4,17540805,17539821,17540805, ,NCRFC
KITO1,13156205,13155459,13156523, ,OHRFC
MLPO1,13154265,13152651,13154569,"Milton Dam, Ohio",OHRFC
BRWO1,13156389,166899115,13156577, ,OHRFC
MSQO1,13153121,13152353,13154427,Mosquito Creek Lake below Mosquito Creek,OHRFC
SHDP1,12999322,12996298,12999322,Shenango Dam Tailwater at Shenango River,OHRFC
TNTP1,10222062,10922417,10222062,Tionesta Dam Pool at Tionesta Creek,OHRFC
KNZP1,8975668,166899002,0,Kinzua Dam on Allegheny River other Central PA Dams,OHRFC
GHDP1,6874115,6873355,6874143, ,OHRFC
BCHP1,8139444,120053440,8139718,Blanchard at Bald Eagle Creek,MARFC
STVC3,7718288,120052268,7718286, ,NERFC
SCIR1,6129639,6127281,6130387,Scituate Reservoir,NERFC
GBRN6,3247596,3247342,3247596,Gilboa Dam at Schoharie Creek,NERFC
DWNN6,1748727,1748473,1748773, ,MARFC
CNNN6,2614136,2613174,2614136, ,MARFC
GBFW4,18312556,18352167,18355239, ,CBRFC
LOSO3,23923436,23927716,23923436,Lost Creek Lake other Rogue River,NWRFC
BNGM1,3319220,3318110,3319188, ,NERFC
DRBI1,24158991,24161747,24158993, ,NWRFC
SCOO3,23805106,23807386,23805110,Reservoir at Henry Hagg Lake,NWRFC
HAHW1,23977690,23979340,23977692, ,NWRFC
BMDC2,3254269,3252975,0,BLUE MESA DAM NEAR GUNNISON,CBRFC
MYSU1,10814786,10814778,10815916,Marysvale near Sevier River,CBRFC
OCEU1,10806037,120051930,0,OTTER CREEK RESERVOIR- ANTIMONY- NR,CBRFC
KNFC1,348545,347987,349887, ,CNRFC
NHGC1,17068300,17065952,0,NEW HOGAN LAKE (NEW HOGAN DAM),CNRFC
CMCC1,3953573,3950979,0,Lake Camanche (CMCC1),CNRFC
EPRC1,7994771,7993809,7996275, ,CNRFC
SGEC1,7993205,7990259,7993205,STONY GORGE RESERVOIR NEAR ELK CREEK,CNRFC
BLBC1,7992981,7989989,0,STONY CREEK AT BLACK BUTTE DAM NEAR ORLAND,CNRFC
ORDC1,2778598,12076080,0,Lake Oroville (ORDC1),CNRFC
CFWC1,15013989,15012277,0,BEAR RIVER AT CAMP FAR WEST DAM NEAR NEAR WHEATLAND 6E,CNRFC
NBBC1,8062451,8060079,8062451, ,CNRFC
JOVU1,4877487,4876219,4877545, ,CBRFC
ELLU1,4876063,4875263,4876063, ,CBRFC
VEGC2,3180780,3180118,3181278,VEGA RESERVOIR NEAR COLLBRAN CO,CBRFC
RRGC2,3175298,3174852,3175958, ,CBRFC
REPN1,19043517,19040443,19043517,Harlan Reservoir at Republican River,MBRFC
STAU1,11966427,11965847,11967775, ,CBRFC
STIU1,11964915,11964599,0,STRAWBERRY - STRAWBERRY RESERVOIR- SOLDIER SPRINGS,CBRFC
UTLU1,10329217,10327875,10329101,Jordan - Utah Lake- Provo,CBRFC
GPDN1,11761568,11758154,11761566,Gavins Point Dam at Missouri River,MBRFC
BIGW4,18301696,18300278,18303140, ,CBRFC
VIVW4,3192982,3192800,0,Hams Fork below Viva Naughton Reservoir,CBRFC
BLZI1,4472263,7897413,4472263,BEAR LAKE OUTLET CANAL NR PARIS,CBRFC
BBOI1,4560894,4558474,0,BEAR R BLO UT P&L @ ONEIDA,CBRFC
BEAI1,4556428,4467951,4469009, ,CBRFC
HIKN6,22743759,22741995,22743759, ,NERFC
STDM1,6724973,6719717,0,SEBAGO LAKE AT STANDISH,NERFC
PRVO3,23713968,24518496,24515510, ,NWRFC
RKWM1,1022672,166195943,1022652, ,NERFC
HHWM8,22965000,22971534,22965004,HUNGRY HORSE RESERVOIR NR HUNGRY HORSE MT,NWRFC
CPNN6,21982301,21980955,21982301,Canandaigua at Canandaigua Lake,NERFC
MTHT2,3170376,3169144,3170376,Mathis 5 SSW - Lake Corpus Christi Mathis 5 SSW - Lake Corpus Christi,WGRFC
CTDT2,10664160,120052363,10664532,Three Rivers 4 W - Choke Canyon Dam,WGRFC
CKDT2,1639279,1637751,1639279,Schroeder - Coleto Creek Reservoir,WGRFC
HSJT2,1440417,120053035,1469612,Sheldon - Lake Houston,WGRFC
TBRT2,5702849,5702167,5702849,San Angelo 8 SW - Twin Buttes Reservoir,WGRFC
BCRT2,5754180,5753298,5754180,Brady 3 W - Brady Creek Reservoir,WGRFC
MSDT2,5781955,120053393,5781955,Lake Travis near Austin,WGRFC
LCTT2,1467932,120053033,1468386,Conroe 7 W - Lake Conroe,WGRFC
BKLT2,9535873,8327942,9535873,Burkeville 16 NNE - Toledo Bend Dam,WGRFC
TRNT2,1300600,120051936,1300600,Trinidad 7 NNW - Cedar Creek Reservoir,WGRFC
GBYT2,5499430,120053199,5499430,Granbury - Lake Granbury,WGRFC
CLRT2,5636271,5635571,5636271,Colorado City 5 SW - Lake Colorado City,WGRFC
EVST2,5722903,5722027,5722903,Robert Lee 2 W - E. V. Spence Reservoir,WGRFC
RLAT2,3210709,3210503,3211187,Orla - Red Bluff Reservoir,WGRFC
HAWT2,5489975,5489185,5489975,Hawley 8 E - Fort Phantom Hill Reservoir,WGRFC
PSMT2,5497152,120053359,5497152,Palo Pinto 11 NW - Possum Kingdom Lake,WGRFC
EAMT2,1306945,120051933,1306945,Eagle Mountain Reservoir above Fort Worth,WGRFC
FLWT2,1268404,1267710,1269054,Fort Worth 6 NW - Lake Worth,WGRFC
LART2,1269102,1267898,1269102,Arlington 10 W - Lake Arlington,WGRFC
GPET2,1269878,1269548,1269878,Venus - Mountain Creek Lake,WGRFC
FRHT2,1294840,120053026,1294840,Forney 4 NW - Lake Ray Hubbard,WGRFC
PNTT2,5256789,120053340,5256787,Point 7 S - Lake Tawakoni Sabine River,WGRFC
LFKT2,5293507,5292739,5293507,Quitman 4 W - Lake Fork Reservoir,WGRFC
LNGC1,2823750,17080041,17080371,DON PEDRO RES NR LA GRANGE CA,CNRFC
WCDP1,9052441,9051313,9053149,Woodcock Creek at Woodcock Dam-PA,OHRFC
HDLN6,22294712,22294608,22294820,Sacandaga River,NERFC
CLEW1,24125829,24136807,24125831,Cle Elum Outflow at Yakima River,NWRFC
SWRN6,15514540,166890766,15514540, ,NERFC
FALT2,326437,120051895,326437,Falcon Reservoir near Falcon Heights,WGRFC
MDLT2,10835508,10834778,10835508,Bandera Falls - Medina Lake,WGRFC
AMIT2,285566,120052275,285566,Amistad Reservoir near Del Rio Del Rio - Amistad Reservoir Dam,WGRFC
BUDT2,5757778,5756886,5757778,Lake Buchanan near Burnet,WGRFC
LLST2,5576175,5575089,5576175,Seale 3 NE - Lake Limestone,WGRFC
LVDT2,1498834,1492358,1492992,Goodrich 5 NW - Lake Livingston,WGRFC
LMTT2,5279734,5278224,5279734,Dirgin - Martin Creek Lake near Tatum,WGRFC
LMVT2,5279800,5278562,5279800,Buncomb 1 SE - Lake Murvaul,WGRFC
LCRT2,5279506,5278062,5279686,Tatum - Lake Cherokee,WGRFC
SKCT2,1149839,1148575,1150543,New Salem 1 W - Striker Lake Reservoir,WGRFC
LPTT2,4451942,4451216,4452342,Frankston - Lake Palestine,WGRFC
LCLT2,5512476,5511586,5512476,Cleburne 4 S - Lake Pat Cleburne,WGRFC
LLET2,2568408,2567012,2568408,Ranger 7 S - Leon Reservoir,WGRFC
LBWT2,5735541,5734861,5735541,Brownwood 8 N - Lake Brownwood,WGRFC
LKCT2,5740776,5740630,5740956,Silver Valley 6 NNE - Lake Coleman,WGRFC
CCRT2,5635913,5635591,5636277,Colorado City 7 S - Champion Creek Reservoir,WGRFC
BLKT2,5721979,5721267,5721979,Blackwell - Oak Creek Reservoir,WGRFC
JBTT2,5633473,5632093,5633473,Knapp 3 SSW - J. B. Thomas Reservoir,WGRFC
LSWT2,5490441,5490089,5491015,Sweetwater 7 ESE - Lake Sweetwater,WGRFC
SMKT2,5543698,5541638,5543698,Millers Creek Reservoir near Bomartin,WGRFC
LSFT2,5508410,5506926,5508410,Haskell 10 SE - Paint Creek at Lake Stamford,WGRFC
HCRT2,5526171,5525777,5526171,Breckenridge - Hubbard Creek Reservoir,WGRFC
LMGT2,5494750,5494328,5494750,Graham 2 NW - Lake Graham,WGRFC
LPPT2,5497354,5495308,5497354,Lake Palo Pinto near Santo,WGRFC
BPRT2,1305617,1304891,1306513,Bridgeport 5 NW - Bridgeport Reservoir,WGRFC
NMBA4,7829970,7827790,7830220, ,ABRFC
MSWC1,21608717,21606713,0,LAKE MCCLURE AT EXCHEQUER DAM NEAR SNELLING 10ENE,CNRFC
AMFI1,23163005,120052939,24557503,Neeley at Snake River,NWRFC
APPO3,23936033,23938563,23936037,,NWRFC
COTO3,23759308,23761342,23759312,,NWRFC
DORO3,23759442,23761332,23759588,Dorena Reservoir at Reservoir,NWRFC
FALO3,23752598,23756162,,Fall Creek at Reservoir,NWRFC
PALI1,24438932,120052927,,SNAKE RIVER NR IRWIN ID,NWRFC
JLKW4,23123437,23127757,23123437,,NWRFC
ISLI1,24460018,24465514,24460018,,NWRFC
CSDI1,24177103,120054056,24177561,,NWRFC
BRNI1,24192804,120054057,24192806,,NWRFC
BLUO3,23773405,23777375,23773407,,NWRFC
FOSO3,23785769,23788981,23785769,Foster nr Sweet Home at Reservoir,NWRFC
MAYW1,24248946,24252328,24248950,,NWRFC
MSRW1,24248994,24252336,24248994,"RIFFE LAKE NEAR MOSSYROCK, MOSSYROCK DAM",NWRFC
COEI1,24379413,23016890,24379413,Coeur d&#039;Alene at Lake Coeur d'Alene,NWRFC
CABI1,22975980,22983738,,CLARK FORK-CABINET GORGE DAM,NWRFC
RODW1,24255291,24260289,24255291,ROSS RESERVOIR NEAR NEWHALEM WA,NWRFC
SHAW1,24255877,24260837,25184464,Concrete at Baker River,NWRFC
UBDW1,24255915,24260671,24255915,,NWRFC
SNOA2,XXXXXX,15243900,xxxxxx,Snow River,APRFC
SKLA2,XXXXXX,15266110,xxxxxx,Skilak River,APRFC
GGRT1,18432917,22134539,18432921,GREAT FALLS DAM NEAR ROCK ISLAND,LMRFC
RDTA4,21999712,15237526,15237620,Ouachita River at Remmel Dam above Jones Mill AR,LMRFC
KYDK2,10575371,120052349,10575371,Tennessee River at Kentucky Lake Pool,LMRFC
FLDT1,22134009,166997493,22134007,Tennessee River at Ft Loudoun Dam Lenoir City 1E,LMRFC
PICT1,19578817,19598582,25314235,Tennessee River at Pickwick Dam Tailwater,LMRFC
MHDT1,14644171,120052841,14644171,Clinch River above Melton Hill Dam,LMRFC
GVDA1,25311913,167182204,25311913,Tennessee River below Guntersville Dam,LMRFC
LDBL1,15226990,15222888,15223068,Lake DArbonne at Bayou DArbonne,LMRFC
CKDT1,25309298,166997575,25309298,Tennesse River at Chickamauga Dam,LMRFC
WLSA1,19633474,166997604,19633480,WILSON LOCK DAM TAILWATER NEAR FLORENCE 2E,LMRFC
TDTT1,22134049,936010061,19720259,L TENN TELLICO DAM,LMRFC
WBOT1,22134501,166997494,22134453,Tennessee River at Watts Bar Dam,LMRFC
NVXN6,4147432,4146742,4148038,NEVERSINK RIVER AT NEVERSINK NY,MARFC
RVRC3,6111421,6106841,6107211,WEST BRANCH FARMINGTON RIVER AT RIVERTON CT,NERFC
MCKO3,23648272,23655210,23648274,MCKAY RESERVOIR NEAR PENDLETON,NWRFC
LGRW1,24282032,24284232,24282042,NISQUALLY RIVER AT LA GRANDE Alder lake,NWRFC
DEXO3,23751830,23756168,23751844,Dexter Dam Lake MIDDLE FORK WILLAMETTE RIVER NEAR DEXTER OR,NWRFC
CDRW1,24537944,24539838,24537962,Cedar River At Cedar Falls,NWRFC
GPRO3,23785925,23788951,23785925,Quartzville Creek at Green Peter Reservoir,NWRFC
MILI1,24491294,24500352,24495672,Snake River near Milner below Milner Dam ,NWRFC
BWMI1,23250977,120053985,947040096,Big Wood River below Magic Dam,NWRFC
BULO3,24150401,24152927,24150401,BULLY CREEK RESERVOIR NEAR VALE,NWRFC
OGCN2,23320100,23326906,23320108,Owyhee River near Wildhorse,NWRFC
CGRO3,23773009,23777431,23773011,Cougar Dam below South Fork McKenzie River,NWRFC
WYNW1,23856921,23859017,23856923,WYNOOCHEE RIVER NEAR GRISDALE WA,NWRFC
STOW1,23970763,23974227,23970765,SOUTH FORK TOLT RIVER NEAR CARNATION WA,NWRFC
WODI1,23266994,23272336,23267042,Little Wood River near Carey Little Wood River Dam,NWRFC
PHLO3,24208367,24215523,24208369,Phillips Lake,NWRFC
BEUO3,23412937,23422703,23412939,NORTH FORK MALHEUR RIVER NEAR BEULAH,NWRFC
KERM8,24338704,120054065,24338704,Polson at Flathead Lake,NWRFC
OCHO3,23713982,23717064,23713984,Ochoco Creek Below Ochoco Dam,NWRFC
KBDM8,22878293,22886855,22878297,Libby Dam near Libby below Kootenai River,NWRFC
PSLI1,22988683,22992347,22988683,Priest Lake at Outlet near Coolin,NWRFC
ANDI1,23386379,23393893,23387319,South Fork Boise River below Anderson Ranch Dam Idaho,NWRFC
BUMW1,24423019,24428511,24423025,Bumping Dam below Bumping River,NWRFC
BCLO3,23780511,23783629,23780525,Detroit Lake at N Santiam River,NWRFC
KACW1,24126097,24136753,24126101,Kachess Outflow at Yakima River,NWRFC
SLKW1,23963709,23966965,23963711,SPADA LAKE,NWRFC
DWRI1,23630892,23634782,23630892,Dworshak Reservoir near Ahsahka,NWRFC
OWYO3,24540979,120052938,24540985,Owyhee Dam at Owyhee River,NWRFC
SKBW1,24285508,24286248,24285520,NF SKOKOMISH R NR LWR CUSHMAN DAM NR POTLATCH WA,NWRFC
MAKI1,23238444,23246628,23239256,BIG LOST RIVER BL MACKAY RES NR MACKAY ID,NWRFC
UNYO3,24200221,24204827,24200223,Burnt River below Unity Reservoir,NWRFC
HCRO3,23751946,23756364,23751946,Hills Creek near Oakridge,NWRFC
HCDI1,24219835,24197070,24192562,Snake River at Hells Canyon,NWRFC
KEEW1,24126167,24136769,24126169,Yakima River at Keechelus Outflow,NWRFC
NOXM8,22976068,22983840,22976094,NOXM8,NWRFC
RIMW1,24423299,24428693,24423307,TIETON  AT TIETON DAM,NWRFC
WARO3,23413305,23422747,23413307,Malheur River below Warm Springs Reservoir,NWRFC
FRNO3,23763139,23769069,23763141,Long Tom River below Fern Ridge Reservoir,NWRFC
HMAC2,1321058,1320604,1321114,HOMESTAKE RESERVOIR NEAR RED CLIFF 10SW HOMRESCO HOMOUTCO,CBRFC
CLFA3,20733845,3528295,3528925,Colorado River at Lees Ferry Glen Canyon Dam,CBRFC
ARCN5,17040461,120053831,17040459,San Juan River near Archuleta probably Navajo dam,CBRFC
WBWU1,10093214,10091800,10093168,WEBER RIVER NEAR WANSHIP UT,CBRFC
ELCC2,1352642,1351760,1353072,Elkhead Ck Elkhead Reservoir,CBRFC
RUDC2,1326889,1326659,1327495,FRYINGPAN RIVER NEAR RUEDI CO,CBRFC
LLDP1,3773975,3773141,3773977,CHEAT RIVER AT LAKE LYNN DAM tailwater gage,OHRFC
